{
  "next-env.d.ts": 1781622337.232162,
  "postcss.config.mjs": 1781622337.2365606,
  "tailwind.config.ts": 1781622337.3119872,
  "vitest.config.ts": 1781622337.315987,
  "vitest.setup.ts": 1781622337.3169866,
  "src\\auth.ts": 1781622337.2799325,
  "src\\app\\layout.tsx": 1781622337.2789338,
  "src\\app\\page.tsx": 1781622337.2799325,
  "src\\app\\(admin)\\admin\\layout.tsx": 1781622337.2395551,
  "src\\app\\(admin)\\admin\\page.tsx": 1781622337.2395551,
  "src\\app\\(admin)\\admin\\prompts\\page.tsx": 1781622337.2405555,
  "src\\app\\(admin)\\admin\\scenarios\\page.tsx": 1781622337.2415571,
  "src\\app\\(admin)\\admin\\sessions\\[sessionId]\\page.tsx": 1781622337.2440677,
  "src\\app\\(admin)\\admin\\submissions\\page.tsx": 1781622337.2450693,
  "src\\app\\(assessor)\\assessor\\layout.tsx": 1781622337.2460694,
  "src\\app\\(assessor)\\assessor\\page.tsx": 1781622337.2470708,
  "src\\app\\(auth)\\login\\page.tsx": 1781622337.2495499,
  "src\\app\\(auth)\\register\\page.tsx": 1781622337.2505496,
  "src\\app\\(candidate)\\candidate\\layout.tsx": 1781622337.2550633,
  "src\\app\\(candidate)\\candidate\\page.tsx": 1781622337.2560637,
  "src\\app\\(candidate)\\candidate\\assessment\\page.tsx": 1781622337.2550633,
  "src\\app\\(candidate)\\candidate\\assessment\\[id]\\page.tsx": 1781622337.2540658,
  "src\\app\\(candidate)\\candidate\\results\\[id]\\page.tsx": 1781622337.258063,
  "src\\app\\api\\admin\\manual-scores\\route.ts": 1781622337.260068,
  "src\\app\\api\\admin\\prompts\\route.ts": 1781622337.261065,
  "src\\app\\api\\admin\\reports\\export\\route.ts": 1781622337.2630675,
  "src\\app\\api\\admin\\reports\\summary\\route.ts": 1781622337.2650683,
  "src\\app\\api\\admin\\scenarios\\route.ts": 1781622337.2670653,
  "src\\app\\api\\admin\\scenarios\\[id]\\route.ts": 1781622337.2660663,
  "src\\app\\api\\admin\\submissions\\route.ts": 1781622337.2680638,
  "src\\app\\api\\assessments\\current\\route.ts": 1781622337.2690666,
  "src\\app\\api\\assessments\\end\\route.ts": 1781622337.2700658,
  "src\\app\\api\\assessments\\start\\route.ts": 1781622337.271063,
  "src\\app\\api\\auth\\register\\route.ts": 1781622337.274063,
  "src\\app\\api\\auth\\[...nextauth]\\route.ts": 1781622337.2730653,
  "src\\app\\api\\results\\[id]\\route.ts": 1781622337.2759223,
  "src\\app\\api\\submissions\\route.ts": 1781622337.2769394,
  "src\\components\\admin-session-dashboard.tsx": 1781622337.2819352,
  "src\\components\\app-shell.tsx": 1781622337.2829335,
  "src\\components\\assessment-editor.tsx": 1781622337.2839327,
  "src\\components\\manual-score-form.tsx": 1781622337.2839327,
  "src\\components\\prompt-editor.tsx": 1781622337.2849321,
  "src\\components\\providers.tsx": 1781622337.285932,
  "src\\components\\scenario-edit-card.tsx": 1781622337.2874496,
  "src\\components\\scenario-form.tsx": 1781622337.2874496,
  "src\\components\\score-radar.tsx": 1781622337.288448,
  "src\\components\\start-assessment-button.tsx": 1781622337.2894492,
  "src\\components\\stat-card.tsx": 1781622337.2904482,
  "src\\components\\theme-toggle.tsx": 1781622337.2904482,
  "src\\components\\ui\\badge.tsx": 1781622337.2914567,
  "src\\components\\ui\\button.tsx": 1781622337.2927926,
  "src\\components\\ui\\card.tsx": 1781622337.2938218,
  "src\\components\\ui\\input.tsx": 1781622337.2948222,
  "src\\components\\ui\\label.tsx": 1781622337.2948222,
  "src\\components\\ui\\textarea.tsx": 1781622337.2963338,
  "src\\db\\index.ts": 1781622337.2984626,
  "src\\db\\scenario-seed-data.ts": 1781622337.2984626,
  "src\\db\\schema.ts": 1781622337.2994752,
  "src\\features\\auth\\login-form.tsx": 1781622337.3004768,
  "src\\features\\auth\\register-form.tsx": 1781622337.3004768,
  "src\\lib\\api.ts": 1781622337.301474,
  "src\\lib\\date.ts": 1781622337.302475,
  "src\\lib\\db-config.ts": 1781622337.3034737,
  "src\\lib\\pdf.ts": 1781622337.3044736,
  "src\\lib\\rate-limit.ts": 1781622337.3059852,
  "src\\lib\\rbac.ts": 1781622337.3059852,
  "src\\lib\\retakes.ts": 1781622337.3069873,
  "src\\lib\\rubric.ts": 1781622337.3079872,
  "src\\lib\\scoring.ts": 1781622337.308985,
  "src\\lib\\session-results.ts": 1781622337.308985,
  "src\\lib\\utils.ts": 1781622337.309987,
  "src\\services\\evaluation.ts": 1781622337.310987,
  "src\\types\\next-auth.d.ts": 1781622337.3119872,
  "README.md": 1781622337.2311623
}